url,title,price
https://shopee.co.th/user/purchase/order/127121523237033,รวมค่าสินค้า,2900.0
https://shopee.co.th/user/purchase/order/127121523237033,ค่าจัดส่ง,134.0
https://shopee.co.th/user/purchase/order/127121523237033,ใช้ 22 Shopee Coins,-22.0
https://shopee.co.th/user/purchase/order/127121523237033,รวมการสั่งซื้อ,3012.0
https://shopee.co.th/user/purchase/order/127121523237034,รวมค่าสินค้า,35970.0
https://shopee.co.th/user/purchase/order/127121523237034,ค่าจัดส่ง,460.0
https://shopee.co.th/user/purchase/order/127121523237034,ใช้ 275 Shopee Coins,-275.0
https://shopee.co.th/user/purchase/order/127121523237034,รวมการสั่งซื้อ,36155.0
https://shopee.co.th/user/purchase/order/127235762277872,รวมค่าสินค้า,1218.0
https://shopee.co.th/user/purchase/order/127235762277872,ค่าจัดส่ง,37.0
https://shopee.co.th/user/purchase/order/127235762277872,รวมการสั่งซื้อ,1255.0
https://shopee.co.th/user/purchase/order/127121523237032,รวมค่าสินค้า,1000.0
https://shopee.co.th/user/purchase/order/127121523237032,ค่าจัดส่ง,29.0
https://shopee.co.th/user/purchase/order/127121523237032,ใช้ 3 Shopee Coins,-3.0
https://shopee.co.th/user/purchase/order/127121523237032,รวมการสั่งซื้อ,1026.0
https://shopee.co.th/user/purchase/order/127816839246030,รวมค่าสินค้า,1900.0
https://shopee.co.th/user/purchase/order/127816839246030,ค่าจัดส่ง,170.0
https://shopee.co.th/user/purchase/order/127816839246030,รวมการสั่งซื้อ,2070.0
https://shopee.co.th/user/purchase/order/127235762277868,รวมค่าสินค้า,2950.0
https://shopee.co.th/user/purchase/order/127235762277868,ค่าจัดส่ง,0.0
https://shopee.co.th/user/purchase/order/127235762277868,ใช้โค้ดส่วนลดของร้านค้า,-50.0
https://shopee.co.th/user/purchase/order/127235762277868,รวมการสั่งซื้อ,2900.0
https://shopee.co.th/user/purchase/order/127235762277873,รวมค่าสินค้า,1885.0
https://shopee.co.th/user/purchase/order/127235762277873,ค่าจัดส่ง,29.0
https://shopee.co.th/user/purchase/order/127235762277873,ใช้โค้ดส่วนลดของร้านค้า,-50.0
https://shopee.co.th/user/purchase/order/127235762277873,รวมการสั่งซื้อ,1864.0
https://shopee.co.th/user/purchase/order/127708734208715,รวมค่าสินค้า,903.0
https://shopee.co.th/user/purchase/order/127708734208715,ค่าจัดส่ง,104.0
https://shopee.co.th/user/purchase/order/127708734208715,รวมการสั่งซื้อ,1007.0
https://shopee.co.th/user/purchase/order/127708734208716,รวมค่าสินค้า,236.0
https://shopee.co.th/user/purchase/order/127708734208716,ค่าจัดส่ง,37.0
https://shopee.co.th/user/purchase/order/127708734208716,รวมการสั่งซื้อ,273.0
https://shopee.co.th/user/purchase/order/127235762277869,รวมค่าสินค้า,2070.0
https://shopee.co.th/user/purchase/order/127235762277869,ค่าจัดส่ง,29.0
https://shopee.co.th/user/purchase/order/127235762277869,ใช้โค้ดส่วนลดของร้านค้า,-30.0
https://shopee.co.th/user/purchase/order/127235762277869,รวมการสั่งซื้อ,2069.0
https://shopee.co.th/user/purchase/order/128841462252171,รวมค่าสินค้า,2190.0
https://shopee.co.th/user/purchase/order/128841462252171,ค่าจัดส่ง,134.0
https://shopee.co.th/user/purchase/order/128841462252171,ใช้ 144 Shopee Coins,-144.0
https://shopee.co.th/user/purchase/order/128841462252171,รวมการสั่งซื้อ,2180.0
https://shopee.co.th/user/purchase/order/127708734208718,รวมค่าสินค้า,3870.0
https://shopee.co.th/user/purchase/order/127708734208718,ค่าจัดส่ง,104.0
https://shopee.co.th/user/purchase/order/127708734208718,รวมการสั่งซื้อ,3974.0
https://shopee.co.th/user/purchase/order/127708734208717,รวมค่าสินค้า,543.0
https://shopee.co.th/user/purchase/order/127708734208717,ค่าจัดส่ง,45.0
https://shopee.co.th/user/purchase/order/127708734208717,รวมการสั่งซื้อ,588.0
https://shopee.co.th/user/purchase/order/127811341287858,รวมค่าสินค้า,819.0
https://shopee.co.th/user/purchase/order/127811341287858,ค่าจัดส่ง,48.0
https://shopee.co.th/user/purchase/order/127811341287858,ส่วนลดค่าจัดส่ง,-30.0
https://shopee.co.th/user/purchase/order/127811341287858,รวมการสั่งซื้อ,837.0
https://shopee.co.th/user/purchase/order/128841462252172,รวมค่าสินค้า,2640.0
https://shopee.co.th/user/purchase/order/128841462252172,ค่าจัดส่ง,45.0
https://shopee.co.th/user/purchase/order/128841462252172,ใช้ 175 Shopee Coins,-175.0
https://shopee.co.th/user/purchase/order/128841462252172,รวมการสั่งซื้อ,2510.0
https://shopee.co.th/user/purchase/order/127708734208719,รวมค่าสินค้า,230.0
https://shopee.co.th/user/purchase/order/127708734208719,ค่าจัดส่ง,29.0
https://shopee.co.th/user/purchase/order/127708734208719,รวมการสั่งซื้อ,259.0
https://shopee.co.th/user/purchase/order/127820315256418,รวมค่าสินค้า,13500.0
https://shopee.co.th/user/purchase/order/127820315256418,ค่าจัดส่ง,230.0
https://shopee.co.th/user/purchase/order/127820315256418,รวมการสั่งซื้อ,13730.0
https://shopee.co.th/user/purchase/order/127708734208720,รวมค่าสินค้า,4890.0
https://shopee.co.th/user/purchase/order/127708734208720,ค่าจัดส่ง,37.0
https://shopee.co.th/user/purchase/order/127708734208720,รวมการสั่งซื้อ,4927.0
https://shopee.co.th/user/purchase/order/127816839246032,รวมค่าสินค้า,444.0
https://shopee.co.th/user/purchase/order/127816839246032,ค่าจัดส่ง,37.0
https://shopee.co.th/user/purchase/order/127816839246032,รวมการสั่งซื้อ,481.0
https://shopee.co.th/user/purchase/order/127811341287860,รวมค่าสินค้า,1152.0
https://shopee.co.th/user/purchase/order/127811341287860,ค่าจัดส่ง,48.0
https://shopee.co.th/user/purchase/order/127811341287860,ส่วนลดค่าจัดส่ง,-30.0
https://shopee.co.th/user/purchase/order/127811341287860,รวมการสั่งซื้อ,1170.0
https://shopee.co.th/user/purchase/order/127821682251082,รวมค่าสินค้า,341.0
https://shopee.co.th/user/purchase/order/127821682251082,ค่าจัดส่ง,45.0
https://shopee.co.th/user/purchase/order/127821682251082,ส่วนลดค่าจัดส่ง,-30.0
https://shopee.co.th/user/purchase/order/127821682251082,รวมการสั่งซื้อ,356.0
https://shopee.co.th/user/purchase/order/127811341287859,รวมค่าสินค้า,2390.0
https://shopee.co.th/user/purchase/order/127811341287859,ค่าจัดส่ง,79.0
https://shopee.co.th/user/purchase/order/127811341287859,ส่วนลดค่าจัดส่ง,-30.0
https://shopee.co.th/user/purchase/order/127811341287859,รวมการสั่งซื้อ,2439.0
https://shopee.co.th/user/purchase/order/127816839246031,รวมค่าสินค้า,2272.0
https://shopee.co.th/user/purchase/order/127816839246031,ค่าจัดส่ง,230.0
https://shopee.co.th/user/purchase/order/127816839246031,รวมการสั่งซื้อ,2502.0
https://shopee.co.th/user/purchase/order/127835655236029,รวมค่าสินค้า,390.0
https://shopee.co.th/user/purchase/order/127835655236029,ค่าจัดส่ง,79.0
https://shopee.co.th/user/purchase/order/127835655236029,รวมการสั่งซื้อ,469.0
https://shopee.co.th/user/purchase/order/128063780241461,รวมค่าสินค้า,19600.0
https://shopee.co.th/user/purchase/order/128063780241461,ค่าจัดส่ง,29.0
https://shopee.co.th/user/purchase/order/128063780241461,ใช้โค้ดส่วนลดของร้านค้า,-50.0
https://shopee.co.th/user/purchase/order/128063780241461,รวมการสั่งซื้อ,19579.0
https://shopee.co.th/user/purchase/order/127821682251084,รวมค่าสินค้า,1860.0
https://shopee.co.th/user/purchase/order/127821682251084,ค่าจัดส่ง,29.0
https://shopee.co.th/user/purchase/order/127821682251084,ส่วนลดค่าจัดส่ง,-29.0
https://shopee.co.th/user/purchase/order/127821682251084,ใช้โค้ดส่วนลดของร้านค้า,-80.0
https://shopee.co.th/user/purchase/order/127821682251084,รวมการสั่งซื้อ,1780.0
https://shopee.co.th/user/purchase/order/127821682251083,รวมค่าสินค้า,1025.0
https://shopee.co.th/user/purchase/order/127821682251083,ค่าจัดส่ง,29.0
https://shopee.co.th/user/purchase/order/127821682251083,ใช้โค้ดส่วนลดของร้านค้า,-9.0
https://shopee.co.th/user/purchase/order/127821682251083,รวมการสั่งซื้อ,1045.0
https://shopee.co.th/user/purchase/order/127821682251081,รวมค่าสินค้า,117.0
https://shopee.co.th/user/purchase/order/127821682251081,ค่าจัดส่ง,29.0
https://shopee.co.th/user/purchase/order/127821682251081,รวมการสั่งซื้อ,146.0
https://shopee.co.th/user/purchase/order/127918947207641,รวมค่าสินค้า,1560.0
https://shopee.co.th/user/purchase/order/127918947207641,ค่าจัดส่ง,170.0
https://shopee.co.th/user/purchase/order/127918947207641,ส่วนลดค่าจัดส่ง,-30.0
https://shopee.co.th/user/purchase/order/127918947207641,ใช้ 99 Shopee Coins,-99.0
https://shopee.co.th/user/purchase/order/127918947207641,รวมการสั่งซื้อ,1601.0
https://shopee.co.th/user/purchase/order/127848543238247,รวมค่าสินค้า,6484.0
https://shopee.co.th/user/purchase/order/127848543238247,ค่าจัดส่ง,29.0
https://shopee.co.th/user/purchase/order/127848543238247,รวมการสั่งซื้อ,6513.0
https://shopee.co.th/user/purchase/order/127918947207639,รวมค่าสินค้า,1590.0
https://shopee.co.th/user/purchase/order/127918947207639,ค่าจัดส่ง,37.0
https://shopee.co.th/user/purchase/order/127918947207639,ใช้โค้ดส่วนลดของร้านค้า,-60.0
https://shopee.co.th/user/purchase/order/127918947207639,ใช้ 96 Shopee Coins,-96.0
https://shopee.co.th/user/purchase/order/127918947207639,รวมการสั่งซื้อ,1471.0
https://shopee.co.th/user/purchase/order/127918947207642,รวมค่าสินค้า,200.0
https://shopee.co.th/user/purchase/order/127918947207642,ค่าจัดส่ง,45.0
https://shopee.co.th/user/purchase/order/127918947207642,ส่วนลดค่าจัดส่ง,-30.0
https://shopee.co.th/user/purchase/order/127918947207642,ใช้ 9 Shopee Coins,-9.0
https://shopee.co.th/user/purchase/order/127918947207642,รวมการสั่งซื้อ,206.0
https://shopee.co.th/user/purchase/order/127918947207640,รวมค่าสินค้า,240.0
https://shopee.co.th/user/purchase/order/127918947207640,ค่าจัดส่ง,48.0
https://shopee.co.th/user/purchase/order/127918947207640,ใช้ 16 Shopee Coins,-16.0
https://shopee.co.th/user/purchase/order/127918947207640,รวมการสั่งซื้อ,272.0
https://shopee.co.th/user/purchase/order/128419687261889,รวมค่าสินค้า,350.0
https://shopee.co.th/user/purchase/order/128419687261889,ค่าจัดส่ง,37.0
https://shopee.co.th/user/purchase/order/128419687261889,ส่วนลดค่าจัดส่ง,-30.0
https://shopee.co.th/user/purchase/order/128419687261889,รวมการสั่งซื้อ,357.0
https://shopee.co.th/user/purchase/order/128401882292051,รวมค่าสินค้า,720.0
https://shopee.co.th/user/purchase/order/128401882292051,ค่าจัดส่ง,79.0
https://shopee.co.th/user/purchase/order/128401882292051,ส่วนลดค่าจัดส่ง,-30.0
https://shopee.co.th/user/purchase/order/128401882292051,รวมการสั่งซื้อ,769.0
https://shopee.co.th/user/purchase/order/128418909289773,รวมค่าสินค้า,853.0
https://shopee.co.th/user/purchase/order/128418909289773,ค่าจัดส่ง,64.0
https://shopee.co.th/user/purchase/order/128418909289773,ใช้ 213 Shopee Coins,-213.0
https://shopee.co.th/user/purchase/order/128418909289773,รวมการสั่งซื้อ,704.0
https://shopee.co.th/user/purchase/order/128418909289773,รวมค่าสินค้า,853.0
https://shopee.co.th/user/purchase/order/128418909289773,ค่าจัดส่ง,64.0
https://shopee.co.th/user/purchase/order/128418909289773,ใช้ 213 Shopee Coins,-213.0
https://shopee.co.th/user/purchase/order/128418909289773,รวมการสั่งซื้อ,704.0
https://shopee.co.th/user/purchase/order/128419687261887,รวมค่าสินค้า,710.0
https://shopee.co.th/user/purchase/order/128419687261887,ค่าจัดส่ง,48.0
https://shopee.co.th/user/purchase/order/128419687261887,ส่วนลดค่าจัดส่ง,-30.0
https://shopee.co.th/user/purchase/order/128419687261887,ใช้โค้ดส่วนลดของร้านค้า,-10.0
https://shopee.co.th/user/purchase/order/128419687261887,รวมการสั่งซื้อ,718.0
https://shopee.co.th/user/purchase/order/128841462252173,รวมค่าสินค้า,680.0
https://shopee.co.th/user/purchase/order/128841462252173,ค่าจัดส่ง,37.0
https://shopee.co.th/user/purchase/order/128841462252173,ใช้ 46 Shopee Coins,-46.0
https://shopee.co.th/user/purchase/order/128841462252173,รวมการสั่งซื้อ,671.0
https://shopee.co.th/user/purchase/order/129454205296134,รวมค่าสินค้า,8100.0
https://shopee.co.th/user/purchase/order/129454205296134,ค่าจัดส่ง,22.0
https://shopee.co.th/user/purchase/order/129454205296134,รวมการสั่งซื้อ,8122.0
https://shopee.co.th/user/purchase/order/129454205296133,รวมค่าสินค้า,1497.0
https://shopee.co.th/user/purchase/order/129454205296133,ค่าจัดส่ง,75.0
https://shopee.co.th/user/purchase/order/129454205296133,รวมการสั่งซื้อ,1572.0
https://shopee.co.th/user/purchase/order/129454205296136,รวมค่าสินค้า,1293.0
https://shopee.co.th/user/purchase/order/129454205296136,ค่าจัดส่ง,103.0
https://shopee.co.th/user/purchase/order/129454205296136,รวมการสั่งซื้อ,1396.0
https://shopee.co.th/user/purchase/order/129461371253602,รวมค่าสินค้า,1883.0
https://shopee.co.th/user/purchase/order/129461371253602,ค่าจัดส่ง,104.0
https://shopee.co.th/user/purchase/order/129461371253602,ส่วนลดค่าจัดส่ง,-30.0
https://shopee.co.th/user/purchase/order/129461371253602,ใช้ 367 Shopee Coins,-367.0
https://shopee.co.th/user/purchase/order/129461371253602,รวมการสั่งซื้อ,1590.0
https://shopee.co.th/user/purchase/order/129454205296135,รวมค่าสินค้า,424.0
https://shopee.co.th/user/purchase/order/129454205296135,ค่าจัดส่ง,22.0
https://shopee.co.th/user/purchase/order/129454205296135,รวมการสั่งซื้อ,446.0
https://shopee.co.th/user/purchase/order/129454205296137,รวมค่าสินค้า,1150.0
https://shopee.co.th/user/purchase/order/129454205296137,ค่าจัดส่ง,22.0
https://shopee.co.th/user/purchase/order/129454205296137,รวมการสั่งซื้อ,1172.0
https://shopee.co.th/user/purchase/order/130651059217042,รวมค่าสินค้า,1500.0
https://shopee.co.th/user/purchase/order/130651059217042,ค่าจัดส่ง,32.0
https://shopee.co.th/user/purchase/order/130651059217042,ใช้โค้ดส่วนลดของร้านค้า,-40.0
https://shopee.co.th/user/purchase/order/130651059217042,รวมการสั่งซื้อ,1492.0
https://shopee.co.th/user/purchase/order/129461371253601,รวมค่าสินค้า,690.0
https://shopee.co.th/user/purchase/order/129461371253601,ค่าจัดส่ง,45.0
https://shopee.co.th/user/purchase/order/129461371253601,ส่วนลดค่าจัดส่ง,-30.0
https://shopee.co.th/user/purchase/order/129461371253601,ใช้ 133 Shopee Coins,-133.0
https://shopee.co.th/user/purchase/order/129461371253601,รวมการสั่งซื้อ,572.0
https://shopee.co.th/user/purchase/order/129461371253601,รวมค่าสินค้า,690.0
https://shopee.co.th/user/purchase/order/129461371253601,ค่าจัดส่ง,45.0
https://shopee.co.th/user/purchase/order/129461371253601,ส่วนลดค่าจัดส่ง,-30.0
https://shopee.co.th/user/purchase/order/129461371253601,ใช้ 133 Shopee Coins,-133.0
https://shopee.co.th/user/purchase/order/129461371253601,รวมการสั่งซื้อ,572.0
https://shopee.co.th/user/purchase/order/130651059217041,รวมค่าสินค้า,2180.0
https://shopee.co.th/user/purchase/order/130651059217041,ค่าจัดส่ง,32.0
https://shopee.co.th/user/purchase/order/130651059217041,ใช้โค้ดส่วนลดของร้านค้า,-100.0
https://shopee.co.th/user/purchase/order/130651059217041,รวมการสั่งซื้อ,2112.0
https://shopee.co.th/user/purchase/order/130150223202272,รวมค่าสินค้า,19000.0
https://shopee.co.th/user/purchase/order/130150223202272,ค่าจัดส่ง,305.0
https://shopee.co.th/user/purchase/order/130150223202272,ใช้ 500 Shopee Coins,-500.0
https://shopee.co.th/user/purchase/order/130150223202272,รวมการสั่งซื้อ,18805.0
https://shopee.co.th/user/purchase/order/131005237204847,รวมค่าสินค้า,1630.0
https://shopee.co.th/user/purchase/order/131005237204847,ค่าจัดส่ง,104.0
https://shopee.co.th/user/purchase/order/131005237204847,รวมการสั่งซื้อ,1734.0
https://shopee.co.th/user/purchase/order/131005237204846,รวมค่าสินค้า,3350.0
https://shopee.co.th/user/purchase/order/131005237204846,ค่าจัดส่ง,104.0
https://shopee.co.th/user/purchase/order/131005237204846,รวมการสั่งซื้อ,3454.0
https://shopee.co.th/user/purchase/order/130149557261122,รวมค่าสินค้า,260.0
https://shopee.co.th/user/purchase/order/130149557261122,ค่าจัดส่ง,64.0
https://shopee.co.th/user/purchase/order/130149557261122,ใช้โค้ดส่วนลดของร้านค้า,-15.0
https://shopee.co.th/user/purchase/order/130149557261122,รวมการสั่งซื้อ,309.0
https://shopee.co.th/user/purchase/order/131437731251297,รวมค่าสินค้า,585.0
https://shopee.co.th/user/purchase/order/131437731251297,ค่าจัดส่ง,48.0
https://shopee.co.th/user/purchase/order/131437731251297,รวมการสั่งซื้อ,633.0
https://shopee.co.th/user/purchase/order/131005237204850,รวมค่าสินค้า,955.0
https://shopee.co.th/user/purchase/order/131005237204850,ค่าจัดส่ง,45.0
https://shopee.co.th/user/purchase/order/131005237204850,รวมการสั่งซื้อ,1000.0
https://shopee.co.th/user/purchase/order/131005237204848,รวมค่าสินค้า,1400.0
https://shopee.co.th/user/purchase/order/131005237204848,ค่าจัดส่ง,104.0
https://shopee.co.th/user/purchase/order/131005237204848,รวมการสั่งซื้อ,1504.0
https://shopee.co.th/user/purchase/order/131005237204851,รวมค่าสินค้า,4365.0
https://shopee.co.th/user/purchase/order/131005237204851,ค่าจัดส่ง,104.0
https://shopee.co.th/user/purchase/order/131005237204851,รวมการสั่งซื้อ,4469.0
https://shopee.co.th/user/purchase/order/131005237204852,รวมค่าสินค้า,1290.0
https://shopee.co.th/user/purchase/order/131005237204852,ค่าจัดส่ง,54.0
https://shopee.co.th/user/purchase/order/131005237204852,รวมการสั่งซื้อ,1344.0
https://shopee.co.th/user/purchase/order/131005237204849,รวมค่าสินค้า,2700.0
https://shopee.co.th/user/purchase/order/131005237204849,ค่าจัดส่ง,225.0
https://shopee.co.th/user/purchase/order/131005237204849,ใช้โค้ดส่วนลดของร้านค้า,-36.0
https://shopee.co.th/user/purchase/order/131005237204849,รวมการสั่งซื้อ,2889.0
https://shopee.co.th/user/purchase/order/132475047260823,รวมค่าสินค้า,790.0
https://shopee.co.th/user/purchase/order/132475047260823,ค่าจัดส่ง,170.0
https://shopee.co.th/user/purchase/order/132475047260823,รวมการสั่งซื้อ,960.0
https://shopee.co.th/user/purchase/order/132475047260825,รวมค่าสินค้า,2380.0
https://shopee.co.th/user/purchase/order/132475047260825,ค่าจัดส่ง,29.0
https://shopee.co.th/user/purchase/order/132475047260825,ส่วนลดค่าจัดส่ง,-29.0
https://shopee.co.th/user/purchase/order/132475047260825,ใช้โค้ดส่วนลดของร้านค้า,-80.0
https://shopee.co.th/user/purchase/order/132475047260825,รวมการสั่งซื้อ,2300.0
https://shopee.co.th/user/purchase/order/131437731251298,รวมค่าสินค้า,590.0
https://shopee.co.th/user/purchase/order/131437731251298,ค่าจัดส่ง,104.0
https://shopee.co.th/user/purchase/order/131437731251298,รวมการสั่งซื้อ,694.0
https://shopee.co.th/user/purchase/order/132475047260824,รวมค่าสินค้า,4750.0
https://shopee.co.th/user/purchase/order/132475047260824,ค่าจัดส่ง,134.0
https://shopee.co.th/user/purchase/order/132475047260824,รวมการสั่งซื้อ,4884.0
https://shopee.co.th/user/purchase/order/132915914226430,รวมค่าสินค้า,1590.0
https://shopee.co.th/user/purchase/order/132915914226430,ค่าจัดส่ง,37.0
https://shopee.co.th/user/purchase/order/132915914226430,ส่วนลดค่าจัดส่ง,-30.0
https://shopee.co.th/user/purchase/order/132915914226430,ใช้ 75 Shopee Coins,-75.0
https://shopee.co.th/user/purchase/order/132915914226430,รวมการสั่งซื้อ,1522.0
https://shopee.co.th/user/purchase/order/132915914226429,รวมค่าสินค้า,2350.0
https://shopee.co.th/user/purchase/order/132915914226429,ค่าจัดส่ง,54.0
https://shopee.co.th/user/purchase/order/132915914226429,ส่วนลดค่าจัดส่ง,-30.0
https://shopee.co.th/user/purchase/order/132915914226429,ใช้ 111 Shopee Coins,-111.0
https://shopee.co.th/user/purchase/order/132915914226429,รวมการสั่งซื้อ,2263.0
https://shopee.co.th/user/purchase/order/133075213288880,รวมค่าสินค้า,850.0
https://shopee.co.th/user/purchase/order/133075213288880,ค่าจัดส่ง,104.0
https://shopee.co.th/user/purchase/order/133075213288880,ส่วนลดค่าจัดส่ง,-30.0
https://shopee.co.th/user/purchase/order/133075213288880,รวมการสั่งซื้อ,924.0
https://shopee.co.th/user/purchase/order/133608117219831,รวมค่าสินค้า,1160.0
https://shopee.co.th/user/purchase/order/133608117219831,ค่าจัดส่ง,42.0
https://shopee.co.th/user/purchase/order/133608117219831,รวมการสั่งซื้อ,1202.0
https://shopee.co.th/user/purchase/order/133608117219830,รวมค่าสินค้า,198.0
https://shopee.co.th/user/purchase/order/133608117219830,ค่าจัดส่ง,45.0
https://shopee.co.th/user/purchase/order/133608117219830,ส่วนลดค่าจัดส่ง,-30.0
https://shopee.co.th/user/purchase/order/133608117219830,รวมการสั่งซื้อ,213.0
https://shopee.co.th/user/purchase/order/133608117219832,รวมค่าสินค้า,1875.0
https://shopee.co.th/user/purchase/order/133608117219832,ค่าจัดส่ง,29.0
https://shopee.co.th/user/purchase/order/133608117219832,ส่วนลดค่าจัดส่ง,-29.0
https://shopee.co.th/user/purchase/order/133608117219832,ใช้โค้ดส่วนลดของร้านค้า,-20.0
https://shopee.co.th/user/purchase/order/133608117219832,รวมการสั่งซื้อ,1855.0
https://shopee.co.th/user/purchase/order/133863610263706,รวมค่าสินค้า,345.0
https://shopee.co.th/user/purchase/order/133863610263706,ค่าจัดส่ง,104.0
https://shopee.co.th/user/purchase/order/133863610263706,ส่วนลดค่าจัดส่ง,-30.0
https://shopee.co.th/user/purchase/order/133863610263706,รวมการสั่งซื้อ,419.0
https://shopee.co.th/user/purchase/order/133863610263708,รวมค่าสินค้า,1245.0
https://shopee.co.th/user/purchase/order/133863610263708,ค่าจัดส่ง,79.0
https://shopee.co.th/user/purchase/order/133863610263708,ส่วนลดค่าจัดส่ง,-30.0
https://shopee.co.th/user/purchase/order/133863610263708,รวมการสั่งซื้อ,1294.0
https://shopee.co.th/user/purchase/order/134472270238428,รวมค่าสินค้า,1080.0
https://shopee.co.th/user/purchase/order/134472270238428,ค่าจัดส่ง,48.0
https://shopee.co.th/user/purchase/order/134472270238428,รวมการสั่งซื้อ,1128.0
https://shopee.co.th/user/purchase/order/133863610263707,รวมค่าสินค้า,2690.0
https://shopee.co.th/user/purchase/order/133863610263707,ค่าจัดส่ง,104.0
https://shopee.co.th/user/purchase/order/133863610263707,ส่วนลดค่าจัดส่ง,-30.0
https://shopee.co.th/user/purchase/order/133863610263707,รวมการสั่งซื้อ,2764.0
https://shopee.co.th/user/purchase/order/134472270238425,รวมค่าสินค้า,1170.0
https://shopee.co.th/user/purchase/order/134472270238425,ค่าจัดส่ง,36.0
https://shopee.co.th/user/purchase/order/134472270238425,รวมการสั่งซื้อ,1206.0
https://shopee.co.th/user/purchase/order/134472270238426,รวมค่าสินค้า,1320.0
https://shopee.co.th/user/purchase/order/134472270238426,ค่าจัดส่ง,104.0
https://shopee.co.th/user/purchase/order/134472270238426,รวมการสั่งซื้อ,1424.0
https://shopee.co.th/user/purchase/order/138533709283211,รวมค่าสินค้า,2780.0
https://shopee.co.th/user/purchase/order/138533709283211,ค่าจัดส่ง,64.0
https://shopee.co.th/user/purchase/order/138533709283211,ส่วนลดค่าจัดส่ง,-30.0
https://shopee.co.th/user/purchase/order/138533709283211,ใช้โค้ดส่วนลดของร้านค้า,-30.0
https://shopee.co.th/user/purchase/order/138533709283211,รวมการสั่งซื้อ,2784.0
https://shopee.co.th/user/purchase/order/134472270238429,รวมค่าสินค้า,1320.0
https://shopee.co.th/user/purchase/order/134472270238429,ค่าจัดส่ง,104.0
https://shopee.co.th/user/purchase/order/134472270238429,รวมการสั่งซื้อ,1424.0
https://shopee.co.th/user/purchase/order/134472270238429,รวมค่าสินค้า,1320.0
https://shopee.co.th/user/purchase/order/134472270238429,ค่าจัดส่ง,104.0
https://shopee.co.th/user/purchase/order/134472270238429,รวมการสั่งซื้อ,1424.0
https://shopee.co.th/user/purchase/order/134472270238427,รวมค่าสินค้า,3024.0
https://shopee.co.th/user/purchase/order/134472270238427,ค่าจัดส่ง,134.0
https://shopee.co.th/user/purchase/order/134472270238427,รวมการสั่งซื้อ,3158.0
https://shopee.co.th/user/purchase/order/134472270238432,รวมค่าสินค้า,266.0
https://shopee.co.th/user/purchase/order/134472270238432,ค่าจัดส่ง,45.0
https://shopee.co.th/user/purchase/order/134472270238432,รวมการสั่งซื้อ,311.0
https://shopee.co.th/user/purchase/order/134472270238431,รวมค่าสินค้า,350.0
https://shopee.co.th/user/purchase/order/134472270238431,ค่าจัดส่ง,45.0
https://shopee.co.th/user/purchase/order/134472270238431,รวมการสั่งซื้อ,395.0
https://shopee.co.th/user/purchase/order/134472270238430,รวมค่าสินค้า,990.0
https://shopee.co.th/user/purchase/order/134472270238430,ค่าจัดส่ง,104.0
https://shopee.co.th/user/purchase/order/134472270238430,รวมการสั่งซื้อ,1094.0
https://shopee.co.th/user/purchase/order/136803961277653,รวมค่าสินค้า,760.0
https://shopee.co.th/user/purchase/order/136803961277653,ค่าจัดส่ง,230.0
https://shopee.co.th/user/purchase/order/136803961277653,รวมการสั่งซื้อ,990.0
https://shopee.co.th/user/purchase/order/136803961277655,รวมค่าสินค้า,1351.0
https://shopee.co.th/user/purchase/order/136803961277655,ค่าจัดส่ง,36.0
https://shopee.co.th/user/purchase/order/136803961277655,รวมการสั่งซื้อ,1387.0
https://shopee.co.th/user/purchase/order/135660522244084,รวมค่าสินค้า,1750.0
https://shopee.co.th/user/purchase/order/135660522244084,ค่าจัดส่ง,104.0
https://shopee.co.th/user/purchase/order/135660522244084,ส่วนลดค่าจัดส่ง,-30.0
https://shopee.co.th/user/purchase/order/135660522244084,รวมการสั่งซื้อ,1824.0
https://shopee.co.th/user/purchase/order/135660522244083,รวมค่าสินค้า,1320.0
https://shopee.co.th/user/purchase/order/135660522244083,ค่าจัดส่ง,104.0
https://shopee.co.th/user/purchase/order/135660522244083,รวมการสั่งซื้อ,1424.0
https://shopee.co.th/user/purchase/order/136803961277655,รวมค่าสินค้า,1351.0
https://shopee.co.th/user/purchase/order/136803961277655,ค่าจัดส่ง,36.0
https://shopee.co.th/user/purchase/order/136803961277655,รวมการสั่งซื้อ,1387.0
https://shopee.co.th/user/purchase/order/136803961277652,รวมค่าสินค้า,545.0
https://shopee.co.th/user/purchase/order/136803961277652,ค่าจัดส่ง,104.0
https://shopee.co.th/user/purchase/order/136803961277652,รวมการสั่งซื้อ,649.0
https://shopee.co.th/user/purchase/order/136803961277654,รวมค่าสินค้า,2760.0
https://shopee.co.th/user/purchase/order/136803961277654,ค่าจัดส่ง,36.0
https://shopee.co.th/user/purchase/order/136803961277654,ส่วนลดค่าจัดส่ง,-30.0
https://shopee.co.th/user/purchase/order/136803961277654,รวมการสั่งซื้อ,2766.0
https://shopee.co.th/user/purchase/order/136803961277656,รวมค่าสินค้า,2960.0
https://shopee.co.th/user/purchase/order/136803961277656,ค่าจัดส่ง,42.0
https://shopee.co.th/user/purchase/order/136803961277656,รวมการสั่งซื้อ,3002.0
https://shopee.co.th/user/purchase/order/136803961277651,รวมค่าสินค้า,2695.0
https://shopee.co.th/user/purchase/order/136803961277651,ค่าจัดส่ง,230.0
https://shopee.co.th/user/purchase/order/136803961277651,รวมการสั่งซื้อ,2925.0
https://shopee.co.th/user/purchase/order/137400506232910,รวมค่าสินค้า,13300.0
https://shopee.co.th/user/purchase/order/137400506232910,ค่าจัดส่ง,230.0
https://shopee.co.th/user/purchase/order/137400506232910,รวมการสั่งซื้อ,13530.0
https://shopee.co.th/user/purchase/order/137400506232911,รวมค่าสินค้า,1500.0
https://shopee.co.th/user/purchase/order/137400506232911,ค่าจัดส่ง,64.0
https://shopee.co.th/user/purchase/order/137400506232911,รวมการสั่งซื้อ,1564.0
https://shopee.co.th/user/purchase/order/137398169254504,รวมค่าสินค้า,352.0
https://shopee.co.th/user/purchase/order/137398169254504,ค่าจัดส่ง,45.0
https://shopee.co.th/user/purchase/order/137398169254504,ใช้โค้ดส่วนลดของร้านค้า,-14.0
https://shopee.co.th/user/purchase/order/137398169254504,รวมการสั่งซื้อ,383.0
https://shopee.co.th/user/purchase/order/137994171296982,รวมค่าสินค้า,5100.0
https://shopee.co.th/user/purchase/order/137994171296982,ค่าจัดส่ง,79.0
https://shopee.co.th/user/purchase/order/137994171296982,ส่วนลดค่าจัดส่ง,-30.0
https://shopee.co.th/user/purchase/order/137994171296982,รวมการสั่งซื้อ,5149.0
https://shopee.co.th/user/purchase/order/137400506232912,รวมค่าสินค้า,720.0
https://shopee.co.th/user/purchase/order/137400506232912,ค่าจัดส่ง,134.0
https://shopee.co.th/user/purchase/order/137400506232912,รวมการสั่งซื้อ,854.0
https://shopee.co.th/user/purchase/order/137398169254505,รวมค่าสินค้า,510.0
https://shopee.co.th/user/purchase/order/137398169254505,ค่าจัดส่ง,37.0
https://shopee.co.th/user/purchase/order/137398169254505,รวมการสั่งซื้อ,547.0
https://shopee.co.th/user/purchase/order/137583126254485,รวมค่าสินค้า,1290.0
https://shopee.co.th/user/purchase/order/137583126254485,ค่าจัดส่ง,54.0
https://shopee.co.th/user/purchase/order/137583126254485,ส่วนลดค่าจัดส่ง,-30.0
https://shopee.co.th/user/purchase/order/137583126254485,รวมการสั่งซื้อ,1314.0
https://shopee.co.th/user/purchase/order/137994171296981,รวมค่าสินค้า,2350.0
https://shopee.co.th/user/purchase/order/137994171296981,ค่าจัดส่ง,64.0
https://shopee.co.th/user/purchase/order/137994171296981,ส่วนลดค่าจัดส่ง,-30.0
https://shopee.co.th/user/purchase/order/137994171296981,รวมการสั่งซื้อ,2384.0
https://shopee.co.th/user/purchase/order/138007304275329,รวมค่าสินค้า,990.0
https://shopee.co.th/user/purchase/order/138007304275329,ค่าจัดส่ง,104.0
https://shopee.co.th/user/purchase/order/138007304275329,ส่วนลดค่าจัดส่ง,-30.0
https://shopee.co.th/user/purchase/order/138007304275329,รวมการสั่งซื้อ,1064.0
https://shopee.co.th/user/purchase/order/138533709283210,รวมค่าสินค้า,1990.0
https://shopee.co.th/user/purchase/order/138533709283210,ค่าจัดส่ง,64.0
https://shopee.co.th/user/purchase/order/138533709283210,รวมการสั่งซื้อ,2054.0
https://shopee.co.th/user/purchase/order/137398169254502,รวมค่าสินค้า,4007.0
https://shopee.co.th/user/purchase/order/137398169254502,ค่าจัดส่ง,36.0
https://shopee.co.th/user/purchase/order/137398169254502,รวมการสั่งซื้อ,4043.0
https://shopee.co.th/user/purchase/order/139288826212923,รวมค่าสินค้า,5100.0
https://shopee.co.th/user/purchase/order/139288826212923,ค่าจัดส่ง,79.0
https://shopee.co.th/user/purchase/order/139288826212923,ใช้โค้ดส่วนลดของร้านค้า,-50.0
https://shopee.co.th/user/purchase/order/139288826212923,รวมการสั่งซื้อ,5129.0
https://shopee.co.th/user/purchase/order/140762627287597,รวมค่าสินค้า,595.0
https://shopee.co.th/user/purchase/order/140762627287597,ค่าจัดส่ง,54.0
https://shopee.co.th/user/purchase/order/140762627287597,ส่วนลดค่าจัดส่ง,-30.0
https://shopee.co.th/user/purchase/order/140762627287597,รวมการสั่งซื้อ,619.0
https://shopee.co.th/user/purchase/order/140762627287596,รวมค่าสินค้า,14250.0
https://shopee.co.th/user/purchase/order/140762627287596,ค่าจัดส่ง,230.0
https://shopee.co.th/user/purchase/order/140762627287596,ส่วนลดค่าจัดส่ง,-30.0
https://shopee.co.th/user/purchase/order/140762627287596,รวมการสั่งซื้อ,14450.0
https://shopee.co.th/user/purchase/order/140762627287599,รวมค่าสินค้า,3295.0
https://shopee.co.th/user/purchase/order/140762627287599,ค่าจัดส่ง,54.0
https://shopee.co.th/user/purchase/order/140762627287599,ส่วนลดค่าจัดส่ง,-30.0
https://shopee.co.th/user/purchase/order/140762627287599,รวมการสั่งซื้อ,3319.0
https://shopee.co.th/user/purchase/order/140762627287598,รวมค่าสินค้า,550.0
https://shopee.co.th/user/purchase/order/140762627287598,ค่าจัดส่ง,48.0
https://shopee.co.th/user/purchase/order/140762627287598,รวมการสั่งซื้อ,598.0
https://shopee.co.th/user/purchase/order/141980334200620,รวมค่าสินค้า,4700.0
https://shopee.co.th/user/purchase/order/141980334200620,ค่าจัดส่ง,104.0
https://shopee.co.th/user/purchase/order/141980334200620,รวมการสั่งซื้อ,4804.0
https://shopee.co.th/user/purchase/order/141980334200621,รวมค่าสินค้า,6273.0
https://shopee.co.th/user/purchase/order/141980334200621,ค่าจัดส่ง,45.0
https://shopee.co.th/user/purchase/order/141980334200621,ส่วนลดค่าจัดส่ง,-30.0
https://shopee.co.th/user/purchase/order/141980334200621,รวมการสั่งซื้อ,6288.0
https://shopee.co.th/user/purchase/order/141980334200619,รวมค่าสินค้า,1000.0
https://shopee.co.th/user/purchase/order/141980334200619,ค่าจัดส่ง,36.0
https://shopee.co.th/user/purchase/order/141980334200619,ส่วนลดค่าจัดส่ง,-30.0
https://shopee.co.th/user/purchase/order/141980334200619,รวมการสั่งซื้อ,1006.0
https://shopee.co.th/user/purchase/order/141980334200618,รวมค่าสินค้า,8590.0
https://shopee.co.th/user/purchase/order/141980334200618,ค่าจัดส่ง,230.0
https://shopee.co.th/user/purchase/order/141980334200618,รวมการสั่งซื้อ,8820.0
https://shopee.co.th/user/purchase/order/142570797251542,รวมค่าสินค้า,990.0
https://shopee.co.th/user/purchase/order/142570797251542,ค่าจัดส่ง,36.0
https://shopee.co.th/user/purchase/order/142570797251542,ส่วนลดค่าจัดส่ง,-30.0
https://shopee.co.th/user/purchase/order/142570797251542,รวมการสั่งซื้อ,996.0
https://shopee.co.th/user/purchase/order/142570737201169,รวมค่าสินค้า,2380.0
https://shopee.co.th/user/purchase/order/142570737201169,ค่าจัดส่ง,36.0
https://shopee.co.th/user/purchase/order/142570737201169,ใช้โค้ด Shopee แล้ว,-235.0
https://shopee.co.th/user/purchase/order/142570737201169,ใช้โค้ดส่วนลดของร้านค้า,-30.0
https://shopee.co.th/user/purchase/order/142570737201169,รวมการสั่งซื้อ,2151.0
https://shopee.co.th/user/purchase/order/142570797251543,รวมค่าสินค้า,2016.0
https://shopee.co.th/user/purchase/order/142570797251543,ค่าจัดส่ง,36.0
https://shopee.co.th/user/purchase/order/142570797251543,ส่วนลดค่าจัดส่ง,-30.0
https://shopee.co.th/user/purchase/order/142570797251543,รวมการสั่งซื้อ,2022.0
https://shopee.co.th/user/purchase/order/142570737201168,รวมค่าสินค้า,3072.0
https://shopee.co.th/user/purchase/order/142570737201168,ค่าจัดส่ง,134.0
https://shopee.co.th/user/purchase/order/142570737201168,รวมการสั่งซื้อ,3206.0
https://shopee.co.th/user/purchase/order/142570737201170,รวมค่าสินค้า,1950.0
https://shopee.co.th/user/purchase/order/142570737201170,ค่าจัดส่ง,104.0
https://shopee.co.th/user/purchase/order/142570737201170,รวมการสั่งซื้อ,2054.0
https://shopee.co.th/user/purchase/order/142852485233209,รวมค่าสินค้า,3960.0
https://shopee.co.th/user/purchase/order/142852485233209,ค่าจัดส่ง,36.0
https://shopee.co.th/user/purchase/order/142852485233209,ส่วนลดค่าจัดส่ง,-30.0
https://shopee.co.th/user/purchase/order/142852485233209,รวมการสั่งซื้อ,3966.0
https://shopee.co.th/user/purchase/order/142852485233208,รวมค่าสินค้า,851.0
https://shopee.co.th/user/purchase/order/142852485233208,ค่าจัดส่ง,48.0
https://shopee.co.th/user/purchase/order/142852485233208,ส่วนลดค่าจัดส่ง,-30.0
https://shopee.co.th/user/purchase/order/142852485233208,รวมการสั่งซื้อ,869.0
https://shopee.co.th/user/purchase/order/142852485233208,รวมค่าสินค้า,851.0
https://shopee.co.th/user/purchase/order/142852485233208,ค่าจัดส่ง,48.0
https://shopee.co.th/user/purchase/order/142852485233208,ส่วนลดค่าจัดส่ง,-30.0
https://shopee.co.th/user/purchase/order/142852485233208,รวมการสั่งซื้อ,869.0
https://shopee.co.th/user/purchase/order/142932926262261,รวมค่าสินค้า,2180.0
https://shopee.co.th/user/purchase/order/142932926262261,ค่าจัดส่ง,104.0
https://shopee.co.th/user/purchase/order/142932926262261,ส่วนลดค่าจัดส่ง,-30.0
https://shopee.co.th/user/purchase/order/142932926262261,รวมการสั่งซื้อ,2254.0
https://shopee.co.th/user/purchase/order/143100583230921,รวมค่าสินค้า,2300.0
https://shopee.co.th/user/purchase/order/143100583230921,ค่าจัดส่ง,134.0
https://shopee.co.th/user/purchase/order/143100583230921,ใช้โค้ด Shopee แล้ว,-300.0
https://shopee.co.th/user/purchase/order/143100583230921,ใช้โค้ดส่วนลดของร้านค้า,-50.0
https://shopee.co.th/user/purchase/order/143100583230921,รวมการสั่งซื้อ,2084.0
https://shopee.co.th/user/purchase/order/143137267292263,รวมค่าสินค้า,2320.0
https://shopee.co.th/user/purchase/order/143137267292263,ค่าจัดส่ง,134.0
https://shopee.co.th/user/purchase/order/143137267292263,ใช้โค้ด Shopee แล้ว,-260.0
https://shopee.co.th/user/purchase/order/143137267292263,ใช้โค้ดส่วนลดของร้านค้า,-10.0
https://shopee.co.th/user/purchase/order/143137267292263,รวมการสั่งซื้อ,2184.0
https://shopee.co.th/user/purchase/order/143138155269090,รวมค่าสินค้า,440.0
https://shopee.co.th/user/purchase/order/143138155269090,ค่าจัดส่ง,37.0
https://shopee.co.th/user/purchase/order/143138155269090,ส่วนลดค่าจัดส่ง,-37.0
https://shopee.co.th/user/purchase/order/143138155269090,รวมการสั่งซื้อ,440.0
https://shopee.co.th/user/purchase/order/143137267292264,รวมค่าสินค้า,5354.0
https://shopee.co.th/user/purchase/order/143137267292264,ค่าจัดส่ง,170.0
https://shopee.co.th/user/purchase/order/143137267292264,ใช้โค้ด Shopee แล้ว,-601.0
https://shopee.co.th/user/purchase/order/143137267292264,รวมการสั่งซื้อ,4923.0
https://shopee.co.th/user/purchase/order/143137267292264,รวมค่าสินค้า,5354.0
https://shopee.co.th/user/purchase/order/143137267292264,ค่าจัดส่ง,170.0
https://shopee.co.th/user/purchase/order/143137267292264,ใช้โค้ด Shopee แล้ว,-601.0
https://shopee.co.th/user/purchase/order/143137267292264,รวมการสั่งซื้อ,4923.0
https://shopee.co.th/user/purchase/order/143137267292265,รวมค่าสินค้า,488.0
https://shopee.co.th/user/purchase/order/143137267292265,ค่าจัดส่ง,64.0
https://shopee.co.th/user/purchase/order/143137267292265,ใช้โค้ด Shopee แล้ว,-53.0
https://shopee.co.th/user/purchase/order/143137267292265,รวมการสั่งซื้อ,499.0
https://shopee.co.th/user/purchase/order/143137838211424,รวมค่าสินค้า,1925.0
https://shopee.co.th/user/purchase/order/143137838211424,ค่าจัดส่ง,45.0
https://shopee.co.th/user/purchase/order/143137838211424,ใช้โค้ด Shopee แล้ว,-473.0
https://shopee.co.th/user/purchase/order/143137838211424,ใช้โค้ดส่วนลดของร้านค้า,-30.0
https://shopee.co.th/user/purchase/order/143137838211424,รวมการสั่งซื้อ,1467.0
https://shopee.co.th/user/purchase/order/143138087274792,รวมค่าสินค้า,6245.0
https://shopee.co.th/user/purchase/order/143138087274792,ค่าจัดส่ง,170.0
https://shopee.co.th/user/purchase/order/143138087274792,รวมการสั่งซื้อ,6415.0
https://shopee.co.th/user/purchase/order/145002343244921,รวมค่าสินค้า,1950.0
https://shopee.co.th/user/purchase/order/145002343244921,ค่าจัดส่ง,48.0
https://shopee.co.th/user/purchase/order/145002343244921,ใช้โค้ด Shopee แล้ว,-195.0
https://shopee.co.th/user/purchase/order/145002343244921,รวมการสั่งซื้อ,1803.0
https://shopee.co.th/user/purchase/order/145002343244920,รวมค่าสินค้า,175.0
https://shopee.co.th/user/purchase/order/145002343244920,ค่าจัดส่ง,45.0
https://shopee.co.th/user/purchase/order/145002343244920,รวมการสั่งซื้อ,220.0
https://shopee.co.th/user/purchase/order/145002343244923,รวมค่าสินค้า,3295.0
https://shopee.co.th/user/purchase/order/145002343244923,ค่าจัดส่ง,54.0
https://shopee.co.th/user/purchase/order/145002343244923,รวมการสั่งซื้อ,3349.0
https://shopee.co.th/user/purchase/order/145002343244922,รวมค่าสินค้า,110.0
https://shopee.co.th/user/purchase/order/145002343244922,ค่าจัดส่ง,37.0
https://shopee.co.th/user/purchase/order/145002343244922,รวมการสั่งซื้อ,147.0
https://shopee.co.th/user/purchase/order/145788594247647,รวมค่าสินค้า,3850.0
https://shopee.co.th/user/purchase/order/145788594247647,ค่าจัดส่ง,30.0
https://shopee.co.th/user/purchase/order/145788594247647,ใช้ 500 Shopee Coins,-500.0
https://shopee.co.th/user/purchase/order/145788594247647,รวมการสั่งซื้อ,3380.0
https://shopee.co.th/user/purchase/order/146222029206451,รวมค่าสินค้า,370.0
https://shopee.co.th/user/purchase/order/146222029206451,ค่าจัดส่ง,37.0
https://shopee.co.th/user/purchase/order/146222029206451,ใช้โค้ด Shopee แล้ว,-33.0
https://shopee.co.th/user/purchase/order/146222029206451,รวมการสั่งซื้อ,374.0
https://shopee.co.th/user/purchase/order/147519225289119,รวมค่าสินค้า,34200.0
https://shopee.co.th/user/purchase/order/147519225289119,ค่าจัดส่ง,540.0
https://shopee.co.th/user/purchase/order/147519225289119,ส่วนลดค่าจัดส่ง,-37.0
https://shopee.co.th/user/purchase/order/147519225289119,ใช้ 443 Shopee Coins,-443.0
https://shopee.co.th/user/purchase/order/147519225289119,รวมการสั่งซื้อ,34260.0
https://shopee.co.th/user/purchase/order/146222029206449,รวมค่าสินค้า,3380.0
https://shopee.co.th/user/purchase/order/146222029206449,ค่าจัดส่ง,100.0
https://shopee.co.th/user/purchase/order/146222029206449,ใช้โค้ด Shopee แล้ว,-320.0
https://shopee.co.th/user/purchase/order/146222029206449,รวมการสั่งซื้อ,3160.0
https://shopee.co.th/user/purchase/order/146222029206448,รวมค่าสินค้า,3700.0
https://shopee.co.th/user/purchase/order/146222029206448,ค่าจัดส่ง,170.0
https://shopee.co.th/user/purchase/order/146222029206448,ใช้โค้ด Shopee แล้ว,-350.0
https://shopee.co.th/user/purchase/order/146222029206448,รวมการสั่งซื้อ,3520.0
https://shopee.co.th/user/purchase/order/146222029206452,รวมค่าสินค้า,440.0
https://shopee.co.th/user/purchase/order/146222029206452,ค่าจัดส่ง,37.0
https://shopee.co.th/user/purchase/order/146222029206452,ใช้โค้ด Shopee แล้ว,-42.0
https://shopee.co.th/user/purchase/order/146222029206452,รวมการสั่งซื้อ,435.0
https://shopee.co.th/user/purchase/order/146565615287686,รวมค่าสินค้า,5925.0
https://shopee.co.th/user/purchase/order/146565615287686,ค่าจัดส่ง,36.0
https://shopee.co.th/user/purchase/order/146565615287686,ใช้โค้ด Shopee แล้ว,-512.0
https://shopee.co.th/user/purchase/order/146565615287686,ใช้โค้ดส่วนลดของร้านค้า,-250.0
https://shopee.co.th/user/purchase/order/146565615287686,รวมการสั่งซื้อ,5199.0
https://shopee.co.th/user/purchase/order/146567601227446,รวมค่าสินค้า,1710.0
https://shopee.co.th/user/purchase/order/146567601227446,ค่าจัดส่ง,104.0
https://shopee.co.th/user/purchase/order/146567601227446,ส่วนลดค่าจัดส่ง,-37.0
https://shopee.co.th/user/purchase/order/146567601227446,รวมการสั่งซื้อ,1777.0
https://shopee.co.th/user/purchase/order/146565615287685,รวมค่าสินค้า,2430.0
https://shopee.co.th/user/purchase/order/146565615287685,ค่าจัดส่ง,36.0
https://shopee.co.th/user/purchase/order/146565615287685,ส่วนลดค่าจัดส่ง,-36.0
https://shopee.co.th/user/purchase/order/146565615287685,ใช้โค้ด Shopee แล้ว,-216.0
https://shopee.co.th/user/purchase/order/146565615287685,ใช้โค้ดส่วนลดของร้านค้า,-40.0
https://shopee.co.th/user/purchase/order/146565615287685,รวมการสั่งซื้อ,2174.0
https://shopee.co.th/user/purchase/order/146565615287681,รวมค่าสินค้า,6723.0
https://shopee.co.th/user/purchase/order/146565615287681,ค่าจัดส่ง,230.0
https://shopee.co.th/user/purchase/order/146565615287681,รวมการสั่งซื้อ,6953.0
https://shopee.co.th/user/purchase/order/146565615287682,รวมค่าสินค้า,695.0
https://shopee.co.th/user/purchase/order/146565615287682,ค่าจัดส่ง,104.0
https://shopee.co.th/user/purchase/order/146565615287682,รวมการสั่งซื้อ,799.0
https://shopee.co.th/user/purchase/order/146565615287680,รวมค่าสินค้า,5800.0
https://shopee.co.th/user/purchase/order/146565615287680,ค่าจัดส่ง,104.0
https://shopee.co.th/user/purchase/order/146565615287680,ใช้โค้ดส่วนลดของร้านค้า,-2.0
https://shopee.co.th/user/purchase/order/146565615287680,รวมการสั่งซื้อ,5902.0
https://shopee.co.th/user/purchase/order/146565615287683,รวมค่าสินค้า,1700.0
https://shopee.co.th/user/purchase/order/146565615287683,ค่าจัดส่ง,45.0
https://shopee.co.th/user/purchase/order/146565615287683,ใช้โค้ด Shopee แล้ว,-154.0
https://shopee.co.th/user/purchase/order/146565615287683,รวมการสั่งซื้อ,1591.0
https://shopee.co.th/user/purchase/order/146565615287684,รวมค่าสินค้า,1341.0
https://shopee.co.th/user/purchase/order/146565615287684,ค่าจัดส่ง,36.0
https://shopee.co.th/user/purchase/order/146565615287684,ใช้โค้ด Shopee แล้ว,-118.0
https://shopee.co.th/user/purchase/order/146565615287684,ใช้โค้ดส่วนลดของร้านค้า,-10.0
https://shopee.co.th/user/purchase/order/146565615287684,รวมการสั่งซื้อ,1249.0
https://shopee.co.th/user/purchase/order/147171927218740,รวมค่าสินค้า,106.0
https://shopee.co.th/user/purchase/order/147171927218740,ค่าจัดส่ง,48.0
https://shopee.co.th/user/purchase/order/147171927218740,ส่วนลดค่าจัดส่ง,-37.0
https://shopee.co.th/user/purchase/order/147171927218740,รวมการสั่งซื้อ,117.0
https://shopee.co.th/user/purchase/order/147171927218738,รวมค่าสินค้า,690.0
https://shopee.co.th/user/purchase/order/147171927218738,ค่าจัดส่ง,37.0
https://shopee.co.th/user/purchase/order/147171927218738,ส่วนลดค่าจัดส่ง,-37.0
https://shopee.co.th/user/purchase/order/147171927218738,ใช้ 17 Shopee Coins,-17.0
https://shopee.co.th/user/purchase/order/147171927218738,รวมการสั่งซื้อ,673.0
https://shopee.co.th/user/purchase/order/147519225289120,รวมค่าสินค้า,2195.0
https://shopee.co.th/user/purchase/order/147519225289120,ค่าจัดส่ง,230.0
https://shopee.co.th/user/purchase/order/147519225289120,ใช้ 29 Shopee Coins,-29.0
https://shopee.co.th/user/purchase/order/147519225289120,รวมการสั่งซื้อ,2396.0
https://shopee.co.th/user/purchase/order/147519225289121,รวมค่าสินค้า,2520.0
https://shopee.co.th/user/purchase/order/147519225289121,ค่าจัดส่ง,134.0
https://shopee.co.th/user/purchase/order/147519225289121,ใช้ 28 Shopee Coins,-28.0
https://shopee.co.th/user/purchase/order/147519225289121,รวมการสั่งซื้อ,2626.0
https://shopee.co.th/user/purchase/order/147961049273228,รวมค่าสินค้า,1150.0
https://shopee.co.th/user/purchase/order/147961049273228,ค่าจัดส่ง,54.0
https://shopee.co.th/user/purchase/order/147961049273228,ใช้ 87 Shopee Coins,-87.0
https://shopee.co.th/user/purchase/order/147961049273228,รวมการสั่งซื้อ,1117.0
https://shopee.co.th/user/purchase/order/147960435292506,รวมค่าสินค้า,5340.0
https://shopee.co.th/user/purchase/order/147960435292506,ค่าจัดส่ง,36.0
https://shopee.co.th/user/purchase/order/147960435292506,ใช้โค้ด Shopee แล้ว,-1000.0
https://shopee.co.th/user/purchase/order/147960435292506,รวมการสั่งซื้อ,4376.0
https://shopee.co.th/user/purchase/order/147960350225455,รวมค่าสินค้า,8840.0
https://shopee.co.th/user/purchase/order/147960350225455,ค่าจัดส่ง,36.0
https://shopee.co.th/user/purchase/order/147960350225455,ใช้โค้ด Shopee แล้ว,-1662.0
https://shopee.co.th/user/purchase/order/147960350225455,รวมการสั่งซื้อ,7214.0
https://shopee.co.th/user/purchase/order/147961049273229,รวมค่าสินค้า,858.0
https://shopee.co.th/user/purchase/order/147961049273229,ค่าจัดส่ง,54.0
https://shopee.co.th/user/purchase/order/147961049273229,ใช้ 63 Shopee Coins,-63.0
https://shopee.co.th/user/purchase/order/147961049273229,รวมการสั่งซื้อ,849.0
https://shopee.co.th/user/purchase/order/147960869205064,รวมค่าสินค้า,2376.0
https://shopee.co.th/user/purchase/order/147960869205064,ค่าจัดส่ง,134.0
https://shopee.co.th/user/purchase/order/147960869205064,ส่วนลดค่าจัดส่ง,-134.0
https://shopee.co.th/user/purchase/order/147960869205064,ใช้โค้ด Shopee แล้ว,-373.0
https://shopee.co.th/user/purchase/order/147960869205064,รวมการสั่งซื้อ,2003.0
https://shopee.co.th/user/purchase/order/147961049273230,รวมค่าสินค้า,1990.0
https://shopee.co.th/user/purchase/order/147961049273230,ค่าจัดส่ง,134.0
https://shopee.co.th/user/purchase/order/147961049273230,ใช้ 150 Shopee Coins,-150.0
https://shopee.co.th/user/purchase/order/147961049273230,รวมการสั่งซื้อ,1974.0
https://shopee.co.th/user/purchase/order/147960869205066,รวมค่าสินค้า,2384.0
https://shopee.co.th/user/purchase/order/147960869205066,ค่าจัดส่ง,64.0
https://shopee.co.th/user/purchase/order/147960869205066,ใช้โค้ด Shopee แล้ว,-374.0
https://shopee.co.th/user/purchase/order/147960869205066,รวมการสั่งซื้อ,2074.0
https://shopee.co.th/user/purchase/order/147960350225456,รวมค่าสินค้า,1800.0
https://shopee.co.th/user/purchase/order/147960350225456,ค่าจัดส่ง,104.0
https://shopee.co.th/user/purchase/order/147960350225456,ใช้โค้ด Shopee แล้ว,-338.0
https://shopee.co.th/user/purchase/order/147960350225456,รวมการสั่งซื้อ,1566.0
https://shopee.co.th/user/purchase/order/147960869205065,รวมค่าสินค้า,1609.0
https://shopee.co.th/user/purchase/order/147960869205065,ค่าจัดส่ง,54.0
https://shopee.co.th/user/purchase/order/147960869205065,ใช้โค้ด Shopee แล้ว,-252.0
https://shopee.co.th/user/purchase/order/147960869205065,รวมการสั่งซื้อ,1411.0
https://shopee.co.th/user/purchase/order/148296502201713,รวมค่าสินค้า,3400.0
https://shopee.co.th/user/purchase/order/148296502201713,ค่าจัดส่ง,64.0
https://shopee.co.th/user/purchase/order/148296502201713,ส่วนลดค่าจัดส่ง,-64.0
https://shopee.co.th/user/purchase/order/148296502201713,รวมการสั่งซื้อ,3400.0
https://shopee.co.th/user/purchase/order/148296502201710,รวมค่าสินค้า,580.0
https://shopee.co.th/user/purchase/order/148296502201710,ค่าจัดส่ง,134.0
https://shopee.co.th/user/purchase/order/148296502201710,ใช้โค้ด Shopee แล้ว,-57.0
https://shopee.co.th/user/purchase/order/148296502201710,รวมการสั่งซื้อ,657.0
https://shopee.co.th/user/purchase/order/148296502201711,รวมค่าสินค้า,480.0
https://shopee.co.th/user/purchase/order/148296502201711,ค่าจัดส่ง,79.0
https://shopee.co.th/user/purchase/order/148296502201711,รวมการสั่งซื้อ,559.0
https://shopee.co.th/user/purchase/order/148296502201712,รวมค่าสินค้า,2290.0
https://shopee.co.th/user/purchase/order/148296502201712,ค่าจัดส่ง,134.0
https://shopee.co.th/user/purchase/order/148296502201712,ใช้โค้ด Shopee แล้ว,-230.0
https://shopee.co.th/user/purchase/order/148296502201712,รวมการสั่งซื้อ,2194.0
https://shopee.co.th/user/purchase/order/148296502201714,รวมค่าสินค้า,782.0
https://shopee.co.th/user/purchase/order/148296502201714,ค่าจัดส่ง,36.0
https://shopee.co.th/user/purchase/order/148296502201714,ใช้โค้ด Shopee แล้ว,-79.0
https://shopee.co.th/user/purchase/order/148296502201714,รวมการสั่งซื้อ,739.0
https://shopee.co.th/user/purchase/order/148471520289272,รวมค่าสินค้า,1680.0
https://shopee.co.th/user/purchase/order/148471520289272,ค่าจัดส่ง,134.0
https://shopee.co.th/user/purchase/order/148471520289272,ใช้โค้ด Shopee แล้ว,-207.0
https://shopee.co.th/user/purchase/order/148471520289272,รวมการสั่งซื้อ,1607.0
https://shopee.co.th/user/purchase/order/148471520289271,รวมค่าสินค้า,756.0
https://shopee.co.th/user/purchase/order/148471520289271,ค่าจัดส่ง,37.0
https://shopee.co.th/user/purchase/order/148471520289271,ใช้โค้ด Shopee แล้ว,-93.0
https://shopee.co.th/user/purchase/order/148471520289271,รวมการสั่งซื้อ,700.0
https://shopee.co.th/user/purchase/order/148730172212340,รวมค่าสินค้า,3465.0
https://shopee.co.th/user/purchase/order/148730172212340,ค่าจัดส่ง,230.0
https://shopee.co.th/user/purchase/order/148730172212340,ใช้โค้ด Shopee แล้ว,-347.0
https://shopee.co.th/user/purchase/order/148730172212340,รวมการสั่งซื้อ,3348.0
https://shopee.co.th/user/purchase/order/148730172212342,รวมค่าสินค้า,1885.0
https://shopee.co.th/user/purchase/order/148730172212342,ค่าจัดส่ง,36.0
https://shopee.co.th/user/purchase/order/148730172212342,ใช้โค้ด Shopee แล้ว,-189.0
https://shopee.co.th/user/purchase/order/148730172212342,รวมการสั่งซื้อ,1732.0
https://shopee.co.th/user/purchase/order/148730172212341,รวมค่าสินค้า,720.0
https://shopee.co.th/user/purchase/order/148730172212341,ค่าจัดส่ง,37.0
https://shopee.co.th/user/purchase/order/148730172212341,ใช้โค้ด Shopee แล้ว,-71.0
https://shopee.co.th/user/purchase/order/148730172212341,รวมการสั่งซื้อ,686.0
https://shopee.co.th/user/purchase/order/149333734252391,รวมค่าสินค้า,985.0
https://shopee.co.th/user/purchase/order/149333734252391,ค่าจัดส่ง,79.0
https://shopee.co.th/user/purchase/order/149333734252391,ส่วนลดค่าจัดส่ง,-20.0
https://shopee.co.th/user/purchase/order/149333734252391,รวมการสั่งซื้อ,1044.0
https://shopee.co.th/user/purchase/order/149333734252390,รวมค่าสินค้า,440.0
https://shopee.co.th/user/purchase/order/149333734252390,ค่าจัดส่ง,37.0
https://shopee.co.th/user/purchase/order/149333734252390,รวมการสั่งซื้อ,477.0
https://shopee.co.th/user/purchase/order/149333734252392,รวมค่าสินค้า,1955.0
https://shopee.co.th/user/purchase/order/149333734252392,ค่าจัดส่ง,36.0
https://shopee.co.th/user/purchase/order/149333734252392,ใช้โค้ด Shopee แล้ว,-195.0
https://shopee.co.th/user/purchase/order/149333734252392,ใช้โค้ดส่วนลดของร้านค้า,-10.0
https://shopee.co.th/user/purchase/order/149333734252392,รวมการสั่งซื้อ,1786.0
https://shopee.co.th/user/purchase/order/149850195295831,รวมค่าสินค้า,610.0
https://shopee.co.th/user/purchase/order/149850195295831,ค่าจัดส่ง,37.0
https://shopee.co.th/user/purchase/order/149850195295831,ส่วนลดค่าจัดส่ง,-37.0
https://shopee.co.th/user/purchase/order/149850195295831,ใช้โค้ดส่วนลดของร้านค้า,-1.0
https://shopee.co.th/user/purchase/order/149850195295831,รวมการสั่งซื้อ,609.0
https://shopee.co.th/user/purchase/order/149850195295831,รวมค่าสินค้า,610.0
https://shopee.co.th/user/purchase/order/149850195295831,ค่าจัดส่ง,37.0
https://shopee.co.th/user/purchase/order/149850195295831,ส่วนลดค่าจัดส่ง,-37.0
https://shopee.co.th/user/purchase/order/149850195295831,ใช้โค้ดส่วนลดของร้านค้า,-1.0
https://shopee.co.th/user/purchase/order/149850195295831,รวมการสั่งซื้อ,609.0
https://shopee.co.th/user/purchase/order/149850195295833,รวมค่าสินค้า,1690.0
https://shopee.co.th/user/purchase/order/149850195295833,ค่าจัดส่ง,0.0
https://shopee.co.th/user/purchase/order/149850195295833,รวมการสั่งซื้อ,1690.0
https://shopee.co.th/user/purchase/order/149850195295830,รวมค่าสินค้า,3690.0
https://shopee.co.th/user/purchase/order/149850195295830,ค่าจัดส่ง,170.0
https://shopee.co.th/user/purchase/order/149850195295830,ส่วนลดค่าจัดส่ง,-37.0
https://shopee.co.th/user/purchase/order/149850195295830,รวมการสั่งซื้อ,3823.0
https://shopee.co.th/user/purchase/order/150284726260090,รวมค่าสินค้า,2040.0
https://shopee.co.th/user/purchase/order/150284726260090,ค่าจัดส่ง,130.0
https://shopee.co.th/user/purchase/order/150284726260090,ใช้โค้ด Shopee แล้ว,-205.0
https://shopee.co.th/user/purchase/order/150284726260090,ใช้ 3 Shopee Coins,-3.0
https://shopee.co.th/user/purchase/order/150284726260090,รวมการสั่งซื้อ,1962.0
https://shopee.co.th/user/purchase/order/149850384228335,รวมค่าสินค้า,2886.0
https://shopee.co.th/user/purchase/order/149850384228335,ค่าจัดส่ง,30.0
https://shopee.co.th/user/purchase/order/149850384228335,รวมการสั่งซื้อ,2916.0
https://shopee.co.th/user/purchase/order/149850318230381,รวมค่าสินค้า,4405.0
https://shopee.co.th/user/purchase/order/149850318230381,ค่าจัดส่ง,36.0
https://shopee.co.th/user/purchase/order/149850318230381,ส่วนลดค่าจัดส่ง,-36.0
https://shopee.co.th/user/purchase/order/149850318230381,ใช้โค้ดส่วนลดของร้านค้า,-19.0
https://shopee.co.th/user/purchase/order/149850318230381,ใช้ 418 Shopee Coins,-418.0
https://shopee.co.th/user/purchase/order/149850318230381,รวมการสั่งซื้อ,3968.0
https://shopee.co.th/user/purchase/order/149850318230381,รวมค่าสินค้า,4405.0
https://shopee.co.th/user/purchase/order/149850318230381,ค่าจัดส่ง,36.0
https://shopee.co.th/user/purchase/order/149850318230381,ส่วนลดค่าจัดส่ง,-36.0
https://shopee.co.th/user/purchase/order/149850318230381,ใช้โค้ดส่วนลดของร้านค้า,-19.0
https://shopee.co.th/user/purchase/order/149850318230381,ใช้ 418 Shopee Coins,-418.0
https://shopee.co.th/user/purchase/order/149850318230381,รวมการสั่งซื้อ,3968.0
https://shopee.co.th/user/purchase/order/149850318230381,รวมค่าสินค้า,4405.0
https://shopee.co.th/user/purchase/order/149850318230381,ค่าจัดส่ง,36.0
https://shopee.co.th/user/purchase/order/149850318230381,ส่วนลดค่าจัดส่ง,-36.0
https://shopee.co.th/user/purchase/order/149850318230381,ใช้โค้ดส่วนลดของร้านค้า,-19.0
https://shopee.co.th/user/purchase/order/149850318230381,ใช้ 418 Shopee Coins,-418.0
https://shopee.co.th/user/purchase/order/149850318230381,รวมการสั่งซื้อ,3968.0
https://shopee.co.th/user/purchase/order/149850318230382,รวมค่าสินค้า,953.0
https://shopee.co.th/user/purchase/order/149850318230382,ค่าจัดส่ง,36.0
https://shopee.co.th/user/purchase/order/149850318230382,ส่วนลดค่าจัดส่ง,-36.0
https://shopee.co.th/user/purchase/order/149850318230382,ใช้ 82 Shopee Coins,-82.0
https://shopee.co.th/user/purchase/order/149850318230382,รวมการสั่งซื้อ,871.0
https://shopee.co.th/user/purchase/order/149850195295832,รวมค่าสินค้า,740.0
https://shopee.co.th/user/purchase/order/149850195295832,ค่าจัดส่ง,36.0
https://shopee.co.th/user/purchase/order/149850195295832,ส่วนลดค่าจัดส่ง,-36.0
https://shopee.co.th/user/purchase/order/149850195295832,รวมการสั่งซื้อ,740.0
https://shopee.co.th/user/purchase/order/149850195295834,รวมค่าสินค้า,952.0
https://shopee.co.th/user/purchase/order/149850195295834,ค่าจัดส่ง,36.0
https://shopee.co.th/user/purchase/order/149850195295834,รวมการสั่งซื้อ,988.0
https://shopee.co.th/user/purchase/order/149850195295835,รวมค่าสินค้า,1438.0
https://shopee.co.th/user/purchase/order/149850195295835,ค่าจัดส่ง,36.0
https://shopee.co.th/user/purchase/order/149850195295835,ใช้โค้ดส่วนลดของร้านค้า,-30.0
https://shopee.co.th/user/purchase/order/149850195295835,รวมการสั่งซื้อ,1444.0
https://shopee.co.th/user/purchase/order/150024018274518,รวมค่าสินค้า,600.0
https://shopee.co.th/user/purchase/order/150024018274518,ค่าจัดส่ง,104.0
https://shopee.co.th/user/purchase/order/150024018274518,ใช้ 150 Shopee Coins,-150.0
https://shopee.co.th/user/purchase/order/150024018274518,รวมการสั่งซื้อ,554.0
https://shopee.co.th/user/purchase/order/150024018274517,รวมค่าสินค้า,286.0
https://shopee.co.th/user/purchase/order/150024018274517,ค่าจัดส่ง,36.0
https://shopee.co.th/user/purchase/order/150024018274517,ใช้โค้ด Shopee แล้ว,-58.0
https://shopee.co.th/user/purchase/order/150024018274517,ใช้ 57 Shopee Coins,-57.0
https://shopee.co.th/user/purchase/order/150024018274517,รวมการสั่งซื้อ,207.0
https://shopee.co.th/user/purchase/order/150024018274519,รวมค่าสินค้า,288.0
https://shopee.co.th/user/purchase/order/150024018274519,ค่าจัดส่ง,36.0
https://shopee.co.th/user/purchase/order/150024018274519,ใช้ 72 Shopee Coins,-72.0
https://shopee.co.th/user/purchase/order/150024018274519,รวมการสั่งซื้อ,252.0
https://shopee.co.th/user/purchase/order/150284726260089,รวมค่าสินค้า,662.0
https://shopee.co.th/user/purchase/order/150284726260089,ค่าจัดส่ง,36.0
https://shopee.co.th/user/purchase/order/150284726260089,ใช้โค้ด Shopee แล้ว,-65.0
https://shopee.co.th/user/purchase/order/150284726260089,รวมการสั่งซื้อ,633.0
https://shopee.co.th/user/purchase/order/150284726260087,รวมค่าสินค้า,4700.0
https://shopee.co.th/user/purchase/order/150284726260087,ค่าจัดส่ง,104.0
https://shopee.co.th/user/purchase/order/150284726260087,ใช้ 7 Shopee Coins,-7.0
https://shopee.co.th/user/purchase/order/150284726260087,รวมการสั่งซื้อ,4797.0
https://shopee.co.th/user/purchase/order/150284726260085,รวมค่าสินค้า,1710.0
https://shopee.co.th/user/purchase/order/150284726260085,ค่าจัดส่ง,104.0
https://shopee.co.th/user/purchase/order/150284726260085,ใช้โค้ด Shopee แล้ว,-172.0
https://shopee.co.th/user/purchase/order/150284726260085,ใช้ 3 Shopee Coins,-3.0
https://shopee.co.th/user/purchase/order/150284726260085,รวมการสั่งซื้อ,1639.0
https://shopee.co.th/user/purchase/order/150284726260091,รวมค่าสินค้า,2200.0
https://shopee.co.th/user/purchase/order/150284726260091,ค่าจัดส่ง,36.0
https://shopee.co.th/user/purchase/order/150284726260091,ใช้ 4 Shopee Coins,-4.0
https://shopee.co.th/user/purchase/order/150284726260091,รวมการสั่งซื้อ,2232.0
https://shopee.co.th/user/purchase/order/150284726260086,รวมค่าสินค้า,450.0
https://shopee.co.th/user/purchase/order/150284726260086,ค่าจัดส่ง,170.0
https://shopee.co.th/user/purchase/order/150284726260086,รวมการสั่งซื้อ,620.0
https://shopee.co.th/user/purchase/order/150284726260088,รวมค่าสินค้า,1490.0
https://shopee.co.th/user/purchase/order/150284726260088,ค่าจัดส่ง,45.0
https://shopee.co.th/user/purchase/order/150284726260088,ใช้ 1 Shopee Coins,-1.0
https://shopee.co.th/user/purchase/order/150284726260088,รวมการสั่งซื้อ,1534.0
https://shopee.co.th/user/purchase/order/150284726260092,รวมค่าสินค้า,2000.0
https://shopee.co.th/user/purchase/order/150284726260092,ค่าจัดส่ง,230.0
https://shopee.co.th/user/purchase/order/150284726260092,ใช้ 3 Shopee Coins,-3.0
https://shopee.co.th/user/purchase/order/150284726260092,รวมการสั่งซื้อ,2227.0
https://shopee.co.th/user/purchase/order/150628007234194,รวมค่าสินค้า,1905.0
https://shopee.co.th/user/purchase/order/150628007234194,ค่าจัดส่ง,36.0
https://shopee.co.th/user/purchase/order/150628007234194,ใช้โค้ด Shopee แล้ว,-286.0
https://shopee.co.th/user/purchase/order/150628007234194,ใช้โค้ดส่วนลดของร้านค้า,-3.0
https://shopee.co.th/user/purchase/order/150628007234194,รวมการสั่งซื้อ,1652.0
https://shopee.co.th/user/purchase/order/150627936243718,รวมค่าสินค้า,1964.0
https://shopee.co.th/user/purchase/order/150627936243718,ค่าจัดส่ง,104.0
https://shopee.co.th/user/purchase/order/150627936243718,ใช้โค้ด Shopee แล้ว,-217.0
https://shopee.co.th/user/purchase/order/150627936243718,ใช้โค้ดส่วนลดของร้านค้า,-5.0
https://shopee.co.th/user/purchase/order/150627936243718,รวมการสั่งซื้อ,1846.0
https://shopee.co.th/user/purchase/order/150627936243717,รวมค่าสินค้า,16050.0
https://shopee.co.th/user/purchase/order/150627936243717,ค่าจัดส่ง,36.0
https://shopee.co.th/user/purchase/order/150627936243717,ใช้โค้ด Shopee แล้ว,-1783.0
https://shopee.co.th/user/purchase/order/150627936243717,รวมการสั่งซื้อ,14303.0
https://shopee.co.th/user/purchase/order/150627857222551,รวมค่าสินค้า,384.0
https://shopee.co.th/user/purchase/order/150627857222551,ค่าจัดส่ง,36.0
https://shopee.co.th/user/purchase/order/150627857222551,รวมการสั่งซื้อ,420.0
https://shopee.co.th/user/purchase/order/150627857222550,รวมค่าสินค้า,6500.0
https://shopee.co.th/user/purchase/order/150627857222550,ค่าจัดส่ง,104.0
https://shopee.co.th/user/purchase/order/150627857222550,ใช้ 105 Shopee Coins,-105.0
https://shopee.co.th/user/purchase/order/150627857222550,รวมการสั่งซื้อ,6499.0
https://shopee.co.th/user/purchase/order/150627857222552,รวมค่าสินค้า,318.0
https://shopee.co.th/user/purchase/order/150627857222552,ค่าจัดส่ง,36.0
https://shopee.co.th/user/purchase/order/150627857222552,ใช้ 6 Shopee Coins,-6.0
https://shopee.co.th/user/purchase/order/150627857222552,รวมการสั่งซื้อ,348.0
https://shopee.co.th/user/purchase/order/150627857222548,รวมค่าสินค้า,478.0
https://shopee.co.th/user/purchase/order/150627857222548,ค่าจัดส่ง,36.0
https://shopee.co.th/user/purchase/order/150627857222548,ใช้ 10 Shopee Coins,-10.0
https://shopee.co.th/user/purchase/order/150627857222548,รวมการสั่งซื้อ,504.0
https://shopee.co.th/user/purchase/order/150628007234192,รวมค่าสินค้า,468.0
https://shopee.co.th/user/purchase/order/150628007234192,ค่าจัดส่ง,54.0
https://shopee.co.th/user/purchase/order/150628007234192,ส่วนลดค่าจัดส่ง,-54.0
https://shopee.co.th/user/purchase/order/150628007234192,ใช้โค้ด Shopee แล้ว,-66.0
https://shopee.co.th/user/purchase/order/150628007234192,ใช้โค้ดส่วนลดของร้านค้า,-20.0
https://shopee.co.th/user/purchase/order/150628007234192,รวมการสั่งซื้อ,382.0
https://shopee.co.th/user/purchase/order/150627857222547,รวมค่าสินค้า,930.0
https://shopee.co.th/user/purchase/order/150627857222547,ค่าจัดส่ง,36.0
https://shopee.co.th/user/purchase/order/150627857222547,ใช้ 17 Shopee Coins,-17.0
https://shopee.co.th/user/purchase/order/150627857222547,รวมการสั่งซื้อ,949.0
https://shopee.co.th/user/purchase/order/150627857222549,รวมค่าสินค้า,360.0
https://shopee.co.th/user/purchase/order/150627857222549,ค่าจัดส่ง,45.0
https://shopee.co.th/user/purchase/order/150627857222549,ใช้ 6 Shopee Coins,-6.0
https://shopee.co.th/user/purchase/order/150627857222549,รวมการสั่งซื้อ,399.0
https://shopee.co.th/user/purchase/order/150628007234193,รวมค่าสินค้า,1035.0
https://shopee.co.th/user/purchase/order/150628007234193,ค่าจัดส่ง,36.0
https://shopee.co.th/user/purchase/order/150628007234193,ใช้โค้ด Shopee แล้ว,-148.0
https://shopee.co.th/user/purchase/order/150628007234193,ใช้โค้ดส่วนลดของร้านค้า,-50.0
https://shopee.co.th/user/purchase/order/150628007234193,รวมการสั่งซื้อ,873.0
https://shopee.co.th/user/purchase/order/150628041206898,รวมค่าสินค้า,7700.0
https://shopee.co.th/user/purchase/order/150628041206898,ค่าจัดส่ง,30.0
https://shopee.co.th/user/purchase/order/150628041206898,ใช้โค้ด Shopee แล้ว,-1000.0
https://shopee.co.th/user/purchase/order/150628041206898,รวมการสั่งซื้อ,6730.0
